timestamp,location,target_date,metric,forecast_temp,forecast_unit,bucket_low,bucket_high,bucket_type,market_price,estimated_probability,edge,signal_decision,gaussian_probability,edge_gaussian,edge_constant,market_id,outcome_name,question,forecast_revision,expected_profit_yes,net_profit_if_win_yes
2026-04-02T12:01:16.280522+00:00,Chicago,2026-04-05,high,51.0,F,44.0,45.0,range,0.12,,,,0.005642405594168232,-0.11435759440583176,,d03150c7-9e6d-48a8-8788-aaf7a8be2659,44-45°F,Highest temperature in Chicago on April 5?,0.0,-23.92794293710804,165.0
2026-04-02T12:01:16.280522+00:00,Chicago,2026-04-05,high,51.0,F,40.0,41.0,range,0.004,,,,2.6258697925385377e-05,-0.003973741302074615,,b2fef499-6c75-4fa4-923c-bec745e63995,40-41°F,Highest temperature in Chicago on April 5?,0.0,-24.852229177424896,5602.5
2026-04-02T12:01:16.280522+00:00,Chicago,2026-04-05,high,51.0,F,42.0,43.0,range,0.048,,,,0.0005280293477583076,-0.04747197065224169,,d3162e73-c9fa-4d8e-8ec1-1b7890d9e4cb,42-43°F,Highest temperature in Chicago on April 5?,0.0,-24.7511661698689,446.25000000000006
2026-04-02T12:01:16.280522+00:00,Chicago,2026-04-05,high,51.0,F,56.0,999.0,above,0.18,,,,0.02275013194817921,-0.15724986805182078,,1b600f56-b3fa-468e-b03c-157600bdbb61,56°F or higher,Highest temperature in Chicago on April 5?,0.0,-22.09935817660715,102.50000000000001
2026-04-02T12:01:16.280522+00:00,Chicago,2026-04-05,high,51.0,F,54.0,55.0,range,0.15,,,,0.060270378522150225,-0.08972962147784977,,08791c34-5aed-4fc3-86bd-249423ad45e3,54-55°F,Highest temperature in Chicago on April 5?,0.0,-15.808767275372091,127.50000000000001
2026-04-02T12:01:16.280522+00:00,Chicago,2026-04-05,high,51.0,F,52.0,53.0,range,0.19,,,,0.13272285980627918,-0.05727714019372082,,a7482adc-32a8-4b24-8fd0-b7d4866ea7b1,52-53°F,Highest temperature in Chicago on April 5?,0.0,-8.951012083951243,95.92105263157895
2026-04-02T12:01:16.280522+00:00,Chicago,2026-04-05,high,51.0,F,46.0,47.0,range,0.085,,,,0.032049159751378786,-0.05295084024862122,,939609fc-d76f-44d0-87ba-a7b2cc7d7fdd,46-47°F,Highest temperature in Chicago on April 5?,0.0,-16.43627598996246,242.2058823529412
2026-04-02T12:01:16.280522+00:00,Chicago,2026-04-05,high,51.0,F,48.0,49.0,range,0.16,,,,0.09678572836168842,-0.06321427163831159,,39977360-162c-455a-805d-653ab9f693d5,48-49°F,Highest temperature in Chicago on April 5?,0.0,-11.147542628233346,118.125
2026-04-02T12:01:16.280522+00:00,Chicago,2026-04-05,high,51.0,F,50.0,51.0,range,0.195,,,,0.15542174161032418,-0.039578258389675824,,21acdc59-8ada-4d16-9d81-ebfda9f87def,50-51°F,Highest temperature in Chicago on April 5?,0.0,-6.678167767859863,92.88461538461537
2026-04-02T12:01:19.805725+00:00,Miami,2026-04-05,high,82.0,F,74.0,75.0,range,0.0115,,,,0.0018679923925120634,-0.009632007607487936,,b080ea64-50cd-49c8-99ad-4340fa11310e,74-75°F,Highest temperature in Miami on April 5?,0.0,-21.340562294538596,1934.021739130435
2026-04-02T12:01:19.805725+00:00,Miami,2026-04-05,high,82.0,F,88.0,89.0,range,0.0215,,,,0.005642405594168287,-0.01585759440583171,,9b9f1cb4-0ec7-4dc9-81a6-8e5f212be205,88-89°F,Highest temperature in Miami on April 5?,0.0,-19.08105092235009,1024.0116279069769
2026-04-02T12:01:19.805725+00:00,Miami,2026-04-05,high,82.0,F,76.0,77.0,range,0.04,,,,0.014552596023583053,-0.025447403976416948,,f1254a22-1557-40ae-9550-1dfe7b12a1e0,76-77°F,Highest temperature in Miami on April 5?,0.0,-16.777783246675575,540.0
2026-04-02T12:01:19.805725+00:00,Miami,2026-04-05,high,82.0,F,80.0,81.0,range,0.255,,,,0.13272285980627918,-0.12227714019372082,,42e12ef1-060b-4947-9c95-a5d7417b1ca2,80-81°F,Highest temperature in Miami on April 5?,0.0,-12.957352279342023,65.73529411764706
2026-04-02T12:01:19.805725+00:00,Miami,2026-04-05,high,82.0,F,86.0,87.0,range,0.085,,,,0.032049159751378786,-0.05295084024862122,,9c0293c9-3a88-405b-a270-a81d9623b727,86-87°F,Highest temperature in Miami on April 5?,0.0,-16.43627598996246,242.2058823529412
2026-04-02T12:01:19.805725+00:00,Miami,2026-04-05,high,82.0,F,84.0,85.0,range,0.285,,,,0.09678572836168842,-0.18821427163831156,,6e186ad0-9117-4745-90e6-f5f3b930de65,84-85°F,Highest temperature in Miami on April 5?,0.0,-17.11705712422564,56.447368421052644
2026-04-02T12:01:19.805725+00:00,Miami,2026-04-05,high,82.0,F,78.0,79.0,range,0.08,,,,0.060270378522150225,-0.019729621477849776,,3525750a-58c2-4729-9947-8e5ff8cbf44c,78-79°F,Highest temperature in Miami on April 5?,0.0,-7.898280094339874,258.75
2026-04-02T12:01:19.805725+00:00,Miami,2026-04-05,high,82.0,F,82.0,83.0,range,0.325,,,,0.15542174161032418,-0.16957825838967583,,08399055-aa3d-4ab3-a824-28ea253763e3,82-83°F,Highest temperature in Miami on April 5?,0.0,-13.851478919105592,46.73076923076923
2026-04-02T12:01:22.693914+00:00,Seattle,2026-04-05,high,63.0,F,-999.0,55.0,below,0.0625,,,,0.0006871379379158604,-0.06181286206208414,,aa66d3c8-7d48-44f6-9059-53b84ae826b0,55°F or below,Highest temperature in Seattle on April 5?,0.0,-24.7509124975055,337.5
2026-04-02T12:01:22.693914+00:00,Seattle,2026-04-05,high,63.0,F,66.0,67.0,range,0.11,,,,0.060270378522150225,-0.049729621477849775,,0e4b7065-45e6-469e-90da-9d3bfdf9f713,66-67°F,Highest temperature in Seattle on April 5?,0.0,-12.521292083254806,182.04545454545456
2026-04-02T12:01:22.693914+00:00,Seattle,2026-04-05,high,63.0,F,68.0,69.0,range,0.025,,,,0.014552596023583053,-0.010447403976416948,,e60fe751-672c-4cb8-b554-200f7a974468,68-69°F,Highest temperature in Seattle on April 5?,0.0,-11.866282088716293,877.5
2026-04-02T12:01:22.693914+00:00,Seattle,2026-04-05,high,63.0,F,72.0,73.0,range,0.0235,,,,0.00012743734832443288,-0.023372562651675567,,2bdcb37d-ca1d-4e1a-b221-0c1b0fb7a769,72-73°F,Highest temperature in Seattle on April 5?,0.0,-24.8776669241909,934.9468085106382
2026-04-02T12:01:22.693914+00:00,Seattle,2026-04-05,high,63.0,F,70.0,71.0,range,0.0185,,,,0.0018679923925120079,-0.01663200760748799,,552c0cb3-1421-4a7b-89dc-74cc58e81689,70-71°F,Highest temperature in Seattle on April 5?,0.0,-22.72344737947709,1193.7162162162163
2026-04-02T12:01:22.693914+00:00,Seattle,2026-04-05,high,63.0,F,58.0,59.0,range,0.05500000000000001,,,,0.032049159751378786,-0.02295084024862122,,124a0825-c98a-4408-b929-2b353e7b053a,58-59°F,Highest temperature in Seattle on April 5?,0.0,-11.808857202330232,386.59090909090907
2026-04-02T12:01:22.693914+00:00,Seattle,2026-04-05,high,63.0,F,56.0,57.0,range,0.0355,,,,0.005642405594168232,-0.029857594405831765,,19670c89-f08e-45ee-836e-9fbf584e3e31,56-57°F,Highest temperature in Seattle on April 5?,0.0,-21.409721426330492,611.3028169014085
2026-04-02T12:01:22.693914+00:00,Seattle,2026-04-05,high,63.0,F,64.0,65.0,range,0.2,,,,0.13272285980627918,-0.06727714019372083,,76f2ae74-039c-4832-8b16-bab4ddffffc8,64-65°F,Highest temperature in Seattle on April 5?,0.0,-9.736871122277895,90.0
2026-04-02T12:01:22.693914+00:00,Seattle,2026-04-05,high,63.0,F,62.0,63.0,range,0.32999999999999996,,,,0.15542174161032418,-0.17457825838967578,,03e0a4af-5c91-4aa3-ae19-0ff687fd2bf2,62-63°F,Highest temperature in Seattle on April 5?,0.0,-14.01450871799754,45.68181818181819
2026-04-02T12:01:22.693914+00:00,Seattle,2026-04-05,high,63.0,F,60.0,61.0,range,0.235,,,,0.09678572836168842,-0.13821427163831157,,73f2c1c7-5f93-4c1f-b6ff-8b31b08c2f71,60-61°F,Highest temperature in Seattle on April 5?,0.0,-15.491317006168165,73.24468085106383
2026-04-02T12:01:26.462104+00:00,Atlanta,2026-04-05,high,70.0,F,82.0,83.0,range,0.005,,,,6.936838887749985e-07,-0.004999306316111225,,2c9521d4-0f3e-4ed6-9f46-513ba907d096,82-83°F,Highest temperature in Atlanta on April 5?,0.0,-24.99687668829079,4477.5
2026-04-02T12:01:26.462104+00:00,Atlanta,2026-04-05,high,70.0,F,80.0,81.0,range,0.013,,,,2.6258697925385377e-05,-0.012973741302074614,,b7a8be54-57cd-413b-8608-886c0c01342f,80-81°F,Highest temperature in Atlanta on April 5?,0.0,-24.954486606845865,1708.2692307692307
2026-04-02T12:01:26.462104+00:00,Atlanta,2026-04-05,high,70.0,F,76.0,77.0,range,0.065,,,,0.005642405594168287,-0.059357594405831715,,0da919c5-60a2-4fbb-b1fd-5818118aef80,76-77°F,Highest temperature in Atlanta on April 5?,0.0,-23.03275358803325,323.65384615384613
2026-04-02T12:01:26.462104+00:00,Atlanta,2026-04-05,high,70.0,F,78.0,79.0,range,0.035,,,,0.0005280293477583076,-0.034471970652241696,,3c1819a5-4cff-4a80-bcba-da454c3ed569,78-79°F,Highest temperature in Atlanta on April 5?,0.0,-24.659232488785978,620.3571428571428
2026-04-02T12:01:26.462104+00:00,Atlanta,2026-04-05,high,70.0,F,74.0,75.0,range,0.185,,,,0.032049159751378786,-0.1529508402486212,,0c4d84dc-b8d1-45ea-8014-25693c0cf0e3,74-75°F,Highest temperature in Atlanta on April 5?,0.0,-21.022006320048458,99.12162162162161
2026-04-02T12:01:26.462104+00:00,Atlanta,2026-04-05,high,70.0,F,-999.0,69.0,below,0.295,,,,0.3445782583896758,0.04957825838967583,,cd7e5de8-8d18-48e9-bc01-c3818cada7c0,69°F or below,Highest temperature in Atlanta on April 5?,0.0,2.142838235017262,53.77118644067797
2026-04-02T12:01:26.462104+00:00,Atlanta,2026-04-05,high,70.0,F,72.0,73.0,range,0.255,,,,0.09678572836168842,-0.1582142716383116,,02a2eca7-82a4-4e44-8c64-b59fa7d83d4f,72-73°F,Highest temperature in Atlanta on April 5?,0.0,-16.21811847071151,65.73529411764706
2026-04-02T12:01:26.462104+00:00,Atlanta,2026-04-05,high,70.0,F,70.0,71.0,range,0.285,,,,0.15542174161032418,-0.1295782583896758,,056cb6cf-5037-4a1a-9525-6ed8ee564dc1,70-71°F,Highest temperature in Atlanta on April 5?,0.0,-12.341308150422277,56.447368421052644
2026-04-02T12:01:41.214406+00:00,Dallas,2026-04-05,high,70.0,F,56.0,57.0,range,0.012,,,,8.892667291426903e-08,-0.011999911073327086,,1acffe37-357f-4241-811b-6b5884cfaeec,56-57°F,Highest temperature in Dallas on April 5?,0.0,-24.999833040171602,1852.5000000000002
2026-04-02T12:01:41.214406+00:00,Dallas,2026-04-05,high,70.0,F,58.0,59.0,range,0.0045,,,,4.619215755785611e-06,-0.004495380784244214,,5192eeff-ce85-43c1-bdb7-b243fa1fa39f,58-59°F,Highest temperature in Dallas on April 5?,0.0,-24.976892373181684,4977.5
2026-04-02T12:01:41.214406+00:00,Dallas,2026-04-05,high,70.0,F,72.0,73.0,range,0.22,,,,0.09678572836168842,-0.12321427163831158,,97152941-51e3-42fe-baf0-2633d11a1224,72-73°F,Highest temperature in Dallas on April 5?,0.0,-14.859495278468554,79.77272727272728
2026-04-02T12:01:41.214406+00:00,Dallas,2026-04-05,high,70.0,F,62.0,63.0,range,0.035,,,,0.0018679923925120634,-0.03313200760748794,,474eca55-8a97-43c6-b97b-ea7ffb072117,62-63°F,Highest temperature in Dallas on April 5?,0.0,-23.79447776668954,620.3571428571428
2026-04-02T12:01:41.214406+00:00,Dallas,2026-04-05,high,70.0,F,60.0,61.0,range,0.025,,,,0.00012743734832443288,-0.02487256265167557,,ffdc27e9-1659-458d-a404-61c1deee55fb,60-61°F,Highest temperature in Dallas on April 5?,0.0,-24.8849877931372,877.5
2026-04-02T12:01:41.214406+00:00,Dallas,2026-04-05,high,70.0,F,64.0,65.0,range,0.06,,,,0.014552596023583053,-0.045447403976416945,,1343307d-d9e9-4ffb-8e85-c0676c7e3318,64-65°F,Highest temperature in Dallas on April 5?,0.0,-19.506395001097395,352.5
2026-04-02T12:01:41.214406+00:00,Dallas,2026-04-05,high,70.0,F,74.0,999.0,above,0.14500000000000002,,,,0.054799291699557995,-0.09020070830044202,,2c4e8bc6-8385-4753-ba0e-89d4d0f0aac6,74°F or higher,Highest temperature in Dallas on April 5?,0.0,-16.359663403578317,132.67241379310343
2026-04-02T12:01:41.214406+00:00,Dallas,2026-04-05,high,70.0,F,70.0,71.0,range,0.24,,,,0.15542174161032418,-0.08457825838967581,,e42a9d04-d190-4afb-b370-f467e02e6c49,70-71°F,Highest temperature in Dallas on April 5?,0.0,-10.040657370006297,71.25
2026-04-02T12:01:41.214406+00:00,Dallas,2026-04-05,high,70.0,F,68.0,69.0,range,0.21,,,,0.13272285980627918,-0.07727714019372081,,5b3bebf3-5699-4c27-92ce-8c635439f614,68-69°F,Highest temperature in Dallas on April 5?,0.0,-10.447886442668675,84.64285714285715
2026-04-02T12:01:41.214406+00:00,Dallas,2026-04-05,high,70.0,F,66.0,67.0,range,0.145,,,,0.060270378522150225,-0.08472962147784976,,1ef2ec2c-9327-42f5-bb73-b9becf87979c,66-67°F,Highest temperature in Dallas on April 5?,0.0,-15.497023938188555,132.67241379310346
2026-04-02T12:01:51.004935+00:00,NYC,2026-04-04,high,68.0,F,48.0,49.0,range,0.002,,,,1.4155343563970746e-14,-0.0019999999999858447,,a8a2b621-b4a7-419f-96ef-2f71357c5320,48-49°F,Highest temperature in NYC on April 4?,0.0,-24.999999999840714,11227.5
2026-04-02T12:01:51.004935+00:00,NYC,2026-04-04,high,68.0,F,46.0,47.0,range,0.0015,,,,0.0,-0.0015,,0ca8f6e3-c09a-4821-a680-0a08ec23100e,46-47°F,Highest temperature in NYC on April 4?,0.0,-25.0,14977.500000000002
2026-04-02T12:01:51.004935+00:00,NYC,2026-04-04,high,68.0,F,44.0,45.0,range,0.0015,,,,0.0,-0.0015,,c8751092-4248-4116-bc56-46208632720c,44-45°F,Highest temperature in NYC on April 4?,0.0,-25.0,14977.500000000002
2026-04-02T12:01:51.004935+00:00,NYC,2026-04-04,high,68.0,F,-999.0,39.0,below,0.0035,,,,0.0,-0.0035,,19accc34-5186-44f6-b84c-8e6d7c51cd8e,39°F or below,Highest temperature in NYC on April 4?,0.0,-25.0,6406.071428571429
2026-04-02T12:01:51.004935+00:00,NYC,2026-04-04,high,68.0,F,42.0,43.0,range,0.0025,,,,0.0,-0.0025,,593849f7-2fbb-4301-861c-8961ac588fc3,42-43°F,Highest temperature in NYC on April 4?,0.0,-25.0,8977.5
2026-04-02T12:01:51.004935+00:00,NYC,2026-04-04,high,68.0,F,40.0,41.0,range,0.0015,,,,0.0,-0.0015,,1265e96c-cfe1-43c6-ac05-88df7de761d9,40-41°F,Highest temperature in NYC on April 4?,0.0,-25.0,14977.500000000002
2026-04-02T12:01:51.004935+00:00,NYC,2026-04-04,high,68.0,F,52.0,53.0,range,0.003,,,,9.088991781425193e-10,-0.002999999091100822,,f8545014-20f0-4094-ab15-5f6fe03d7b39,52-53°F,Highest temperature in NYC on April 4?,0.0,-24.999993180983918,7477.500000000001
2026-04-02T12:01:51.004935+00:00,NYC,2026-04-04,high,68.0,F,50.0,51.0,range,0.0015,,,,4.929834318545545e-12,-0.0014999999950701657,,c0520294-01c8-4574-be4a-1df584344a84,50-51°F,Highest temperature in NYC on April 4?,0.0,-24.99999992604016,14977.500000000002
2026-04-02T12:01:51.004935+00:00,NYC,2026-04-04,high,68.0,F,56.0,57.0,range,0.008,,,,4.619215755785611e-06,-0.007995380784244215,,e1945b1e-b447-4209-b937-b993fedec03d,56-57°F,Highest temperature in NYC on April 4?,0.0,-24.986996907647463,2790.0
2026-04-02T12:01:51.004935+00:00,NYC,2026-04-04,high,68.0,F,54.0,55.0,range,0.003,,,,8.892667291426903e-08,-0.002999911073327086,,0a9ccd9a-e7eb-44de-aa82-7ad416bc6083,54-55°F,Highest temperature in NYC on April 4?,0.0,-24.999332827636458,7477.500000000001
2026-04-02T12:01:51.004935+00:00,NYC,2026-04-04,high,68.0,F,58.0,999.0,above,0.9825,,,,0.9999683287581669,0.01746832875816684,,be9bc77a-825d-4031-b4c4-6cdb46715af1,58°F or higher,Highest temperature in NYC on April 4?,0.0,0.39995888505954336,0.40076335877862507
2026-04-02T12:02:06.131519+00:00,Miami,2026-04-03,high,82.0,F,90.0,999.0,above,0.0065,,,,0.0006871379379158604,-0.005812862062084139,,4a1a8626-e387-40a4-b4ea-0364d7d9ea8f,90°F or higher,Highest temperature in Miami on April 3?,0.0,-22.619727754677232,3439.0384615384614
2026-04-02T12:02:06.131658+00:00,Atlanta,2026-04-03,high,82.0,F,66.0,67.0,range,0.0015,,,,9.088991781425193e-10,-0.0014999990911008219,,ad7e4e31-8a0e-421f-a7ac-bd027c3e11d0,66-67°F,Highest temperature in Atlanta on April 3?,0.0,-24.99998636424008,14977.500000000002
2026-04-02T12:02:06.131658+00:00,Atlanta,2026-04-03,high,82.0,F,64.0,65.0,range,0.0015,,,,4.929834318545545e-12,-0.0014999999950701657,,f8fd3723-6e94-4a1a-8003-781cb4f92b54,64-65°F,Highest temperature in Atlanta on April 3?,0.0,-24.99999992604016,14977.500000000002
2026-04-02T12:02:06.131658+00:00,Atlanta,2026-04-03,high,82.0,F,-999.0,63.0,below,0.0015,,,,1.4765966227514582e-14,-0.001499999999985234,,133932c6-d3c9-402c-b25c-4d783d6a2016,63°F or below,Highest temperature in Atlanta on April 3?,0.0,-24.999999999778474,14977.500000000002
2026-04-01T23:50:48.059439+00:00,Atlanta,2026-04-03,high,82.0,F,70.0,71.0,range,0.004,,,,4.619215755785611e-06,-0.0039953807842442145,,72769fcc-093b-41ea-a09a-1659fbcccac2,70-71°F,Highest temperature in Atlanta on April 3?,0.0,-24.974005363334317,5602.5
2026-04-01T23:40:37.039649+00:00,Atlanta,2026-04-03,high,82.0,F,68.0,69.0,range,0.0055,,,,8.892667291426903e-08,-0.005499911073327085,,669e1bcd-22c0-4bf2-b37d-93746bbe4e9f,68-69°F,Highest temperature in Atlanta on April 3?,0.0,-24.999635986748668,4068.4090909090914
2026-04-01T23:40:37.039649+00:00,Atlanta,2026-04-03,high,82.0,F,82.0,999.0,above,0.44,,,,0.5,0.06,,dd5ff131-9d8f-44eb-bbfe-11fc4db0a5c5,82°F or higher,Highest temperature in Atlanta on April 3?,0.0,1.8181818181818201,28.63636363636364
2026-04-01T23:40:37.039649+00:00,Atlanta,2026-04-03,high,82.0,F,72.0,73.0,range,0.008,,,,0.00012743734832443288,-0.007872562651675567,,865e134c-6b1e-4abe-b39f-e82a52cd8cba,72-73°F,Highest temperature in Atlanta on April 3?,0.0,-24.641263864466723,2790.0
2026-04-01T23:40:37.039649+00:00,Atlanta,2026-04-03,high,82.0,F,74.0,75.0,range,0.0225,,,,0.0018679923925120634,-0.020632007607487936,,88d85b9d-7f36-4434-876e-1e2f323637c4,74-75°F,Highest temperature in Atlanta on April 3?,0.0,-23.12733762650666,977.5
2026-04-01T23:40:37.039649+00:00,Atlanta,2026-04-03,high,82.0,F,78.0,79.0,range,0.18,,,,0.060270378522150225,-0.11972962147784977,,8e5e1702-d028-4430-92e9-844c18e9073a,78-79°F,Highest temperature in Atlanta on April 3?,0.0,-17.315526738425845,102.50000000000001
2026-04-01T23:40:37.039649+00:00,Atlanta,2026-04-03,high,82.0,F,80.0,81.0,range,0.27,,,,0.13272285980627918,-0.13727714019372084,,cf4ecc84-0914-4f89-bc08-3c7eeb9eb853,80-81°F,Highest temperature in Atlanta on April 3?,0.0,-13.607954533294373,60.83333333333332
2026-04-01T23:40:37.039649+00:00,Atlanta,2026-04-03,high,82.0,F,76.0,77.0,range,0.08499999999999999,,,,0.014552596023583053,-0.07044740397641694,,445f0c05-30e4-4bfb-b630-a1d64dbf33f2,76-77°F,Highest temperature in Atlanta on April 3?,0.0,-21.111460738992584,242.2058823529412
2026-04-02T12:02:06.132131+00:00,NYC,2026-04-03,high,66.0,F,74.0,75.0,range,0.006,,,,0.0005280293477583076,-0.0054719706522416926,,54371601-0e62-460b-ac0b-a10302ffbeec,74-75°F,Highest temperature in NYC on April 3?,0.0,-23.01856987253695,3727.5000000000005
2026-04-02T12:02:06.132131+00:00,NYC,2026-04-03,high,66.0,F,76.0,77.0,range,0.009,,,,2.6258697925385377e-05,-0.008973741302074614,,d3c5cb50-e3a7-427b-af8c-c735472c0d31,76-77°F,Highest temperature in NYC on April 3?,0.0,-24.93428760844172,2477.5
2026-04-02T12:02:06.132131+00:00,NYC,2026-04-03,high,66.0,F,72.0,73.0,range,0.0125,,,,0.005642405594168287,-0.0068575944058317136,,d69fce7b-87e3-4d65-afdc-9597d651ae86,72-73°F,Highest temperature in NYC on April 3?,0.0,-14.829563916511662,1777.5
2026-04-02T12:02:06.132131+00:00,NYC,2026-04-03,high,66.0,F,70.0,71.0,range,0.033,,,,0.032049159751378786,-0.0009508402486212153,,79c28d58-8e55-49dd-a247-a727d3df84e7,70-71°F,Highest temperature in NYC on April 3?,0.0,-3.068177270136019,659.3181818181818
2026-04-02T12:02:06.132131+00:00,NYC,2026-04-03,high,66.0,F,68.0,69.0,range,0.075,,,,0.09678572836168842,0.02178572836168842,,624d5649-dd18-4868-b43d-ce9a905f25a0,68-69°F,Highest temperature in NYC on April 3?,0.0,4.27768282941075,277.50000000000006
2026-04-02T12:02:06.132131+00:00,NYC,2026-04-03,high,66.0,F,66.0,67.0,range,0.19,,,,0.15542174161032418,-0.03457825838967582,,383e5bc6-1881-40b2-926f-966963a066ee,66-67°F,Highest temperature in NYC on April 3?,0.0,-6.206239402646325,95.92105263157895
2026-04-02T12:02:06.132131+00:00,NYC,2026-04-03,high,66.0,F,64.0,65.0,range,0.26,,,,0.13272285980627918,-0.12727714019372083,,b09b00ff-d127-4a2e-bbdd-7bb59543a098,64-65°F,Highest temperature in NYC on April 3?,0.0,-13.18256075186399,64.03846153846153
2026-04-02T12:02:06.132131+00:00,NYC,2026-04-03,high,66.0,F,62.0,63.0,range,0.245,,,,0.060270378522150225,-0.18472962147784977,,f4c4be3f-0e12-4a21-ae39-5944d42b84cb,62-63°F,Highest temperature in NYC on April 3?,0.0,-19.31428929145634,69.33673469387756
2026-04-02T12:02:06.132131+00:00,NYC,2026-04-03,high,66.0,F,60.0,61.0,range,0.15,,,,0.014552596023583053,-0.13544740397641694,,88803d67-76e0-463a-a58c-3a388c725828,60-61°F,Highest temperature in NYC on April 3?,0.0,-22.780729106403584,127.50000000000001
2026-04-02T12:02:06.132131+00:00,NYC,2026-04-03,high,66.0,F,-999.0,59.0,below,0.075,,,,0.002555130330427924,-0.07244486966957207,,db484e6b-3ea9-45e5-8d6f-6fc9959bb62b,59°F or below,Highest temperature in NYC on April 3?,0.0,-24.227073075045553,277.50000000000006
2026-04-02T12:02:06.132131+00:00,NYC,2026-04-03,high,66.0,F,78.0,999.0,above,0.006,,,,7.93328151948991e-07,-0.005999206671848051,,adf33db7-e298-479e-a059-cb760694847e,Will the highest temperature in New York City be 78°F or higher on April 3?,Highest temperature in NYC on April 3?,0.0,-24.997023036109812,3727.5000000000005
2026-04-02T12:02:08.874543+00:00,Chicago,2026-04-02,high,70.0,F,-999.0,29.0,below,0.0005,,,,0.0,-0.0005,,a4e24390-1b1e-40f3-b1cd-23587d396400,29°F or below,Highest temperature in Chicago on April 2?,0.0,-25.0,44977.5
2026-04-02T12:02:08.874780+00:00,Atlanta,2026-04-02,high,83.0,F,70.0,71.0,range,0.0015,,,,6.936838887749985e-07,-0.001499306316111225,,db3dd457-fc51-4a4c-908c-cc044f3182d5,70-71°F,Highest temperature in Atlanta on April 2?,0.0,-24.98959300745865,14977.500000000002
2026-04-02T12:02:08.874780+00:00,Atlanta,2026-04-02,high,83.0,F,-999.0,69.0,below,0.0015,,,,1.0717590259723409e-08,-0.0014999892824097403,,8d6642bf-d3ed-4821-a1fc-b9e4dcecbdbf,69°F or below,Highest temperature in Atlanta on April 2?,0.0,-24.999839209352128,14977.500000000002
2026-04-02T12:02:08.874929+00:00,NYC,2026-04-02,high,46.0,F,76.0,77.0,range,0.0005,,,,0.0,-0.0005,,3403d483-78c8-4e15-8a89-c71259184c0f,76-77°F,Highest temperature in NYC on April 2?,0.0,-25.0,44977.5
2026-04-02T11:40:58.904697+00:00,NYC,2026-04-02,high,46.0,F,72.0,73.0,range,0.0005,,,,0.0,-0.0005,,120140ff-4766-4ca9-be98-e1e502432de7,Will the highest temperature in New York City be between 72-73°F on April 2?,Highest temperature in NYC on April 2?,0.0,-25.0,44977.5
2026-04-02T11:40:58.904697+00:00,NYC,2026-04-02,high,46.0,F,68.0,69.0,range,0.002,,,,0.0,-0.002,,532aaa3f-4557-486d-9dbb-7a218b7071bb,Will the highest temperature in New York City be between 68-69°F on April 2?,Highest temperature in NYC on April 2?,0.0,-25.0,11227.5
2026-04-02T11:40:58.904697+00:00,NYC,2026-04-02,high,46.0,F,64.0,65.0,range,0.0015,,,,2.8632651805082787e-13,-0.0014999999997136735,,011f8cdc-781b-4d8d-a320-e09b8657d578,Will the highest temperature in New York City be between 64-65°F on April 2?,Highest temperature in NYC on April 2?,0.0,-24.999999995704385,14977.500000000002
2026-04-02T11:40:58.904697+00:00,NYC,2026-04-02,high,46.0,F,60.0,61.0,range,0.0045,,,,9.731002559298929e-09,-0.00449999026899744,,4888770c-73f7-4019-b3e3-1e044cdf8cdf,Will the highest temperature in New York City be between 60-61°F on April 2?,Highest temperature in NYC on April 2?,0.0,-24.999951320659697,4977.5
2026-04-02T11:40:58.904697+00:00,NYC,2026-04-02,high,46.0,F,78.0,999.0,above,0.0005,,,,0.0,-0.0005,,f18cfec7-f242-4fcb-bdbe-3b914020f1f7,Will the highest temperature in New York City be 78°F or higher on April 2?,Highest temperature in NYC on April 2?,0.0,-25.0,44977.5
2026-04-02T11:40:58.904697+00:00,NYC,2026-04-02,high,46.0,F,74.0,75.0,range,0.0005,,,,0.0,-0.0005,,aecd758e-4a21-4525-b70c-91f3f6771284,Will the highest temperature in New York City be between 74-75°F on April 2?,Highest temperature in NYC on April 2?,0.0,-25.0,44977.5
2026-04-02T11:40:58.904697+00:00,NYC,2026-04-02,high,46.0,F,70.0,71.0,range,0.0005,,,,0.0,-0.0005,,d1758c00-55f9-42af-b79e-e8a5dc333a74,Will the highest temperature in New York City be between 70-71°F on April 2?,Highest temperature in NYC on April 2?,0.0,-25.0,44977.5
2026-04-02T11:40:58.904697+00:00,NYC,2026-04-02,high,46.0,F,66.0,67.0,range,0.0005,,,,6.661338147750939e-16,-0.0004999999999993339,,93b4c8b8-7ed5-42ba-9c20-f71ab4452375,Will the highest temperature in New York City be between 66-67°F on April 2?,Highest temperature in NYC on April 2?,0.0,-24.999999999970022,44977.5
2026-04-02T11:40:58.904697+00:00,NYC,2026-04-02,high,46.0,F,62.0,63.0,range,0.003,,,,7.245759547913622e-11,-0.0029999999275424046,,c664056a-b6ce-46e0-a254-1f679f73ebd2,Will the highest temperature in New York City be between 62-63°F on April 2?,Highest temperature in NYC on April 2?,0.0,-24.999999456386888,7477.500000000001
2026-04-02T11:40:58.904697+00:00,NYC,2026-04-02,high,46.0,F,-999.0,59.0,below,0.996,,,,0.9999999003557368,0.0039999003557368296,,49d10b1d-382b-4b01-96e6-9b8aba181bcf,Will the highest temperature in New York City be 59°F or below on April 2?,Highest temperature in NYC on April 2?,0.0,0.09035894567255358,0.09036144578313261
2026-04-02T11:40:58.906969+00:00,Atlanta,2026-04-04,high,82.0,F,80.0,81.0,range,0.275,,,,0.13272285980627918,-0.14227714019372084,,4a01d839-4b6d-429d-baad-9a1c8a8aed13,80-81°F,Highest temperature in Atlanta on April 4?,0.0,-13.809049775425098,59.31818181818182
2026-04-02T11:40:58.906969+00:00,Atlanta,2026-04-04,high,82.0,F,66.0,67.0,range,0.0045,,,,9.088991781425193e-10,-0.0044999990911008215,,06e8fe9d-b87a-4318-9371-45469aebcdc6,66-67°F,Highest temperature in Atlanta on April 4?,0.0,-24.99999545323186,4977.5
2026-04-02T11:40:58.906969+00:00,Atlanta,2026-04-04,high,82.0,F,68.0,69.0,range,0.006500000000000001,,,,8.892667291426903e-08,-0.006499911073327086,,395d4ecf-5558-4470-bd1e-85da4dae129c,68-69°F,Highest temperature in Atlanta on April 4?,0.0,-24.99969195458477,3439.0384615384614
2026-04-02T11:40:58.906969+00:00,Atlanta,2026-04-04,high,82.0,F,-999.0,65.0,below,0.0045,,,,5.2309268028238876e-12,-0.004499999994769073,,b7dcb14b-63a3-4286-8962-a8b4028badf6,65°F or below,Highest temperature in Atlanta on April 4?,0.0,-24.99999997383229,4977.5
2026-04-02T11:40:58.906969+00:00,Atlanta,2026-04-04,high,82.0,F,70.0,71.0,range,0.0155,,,,4.619215755785611e-06,-0.015495380784244214,,13e731e3-0120-4e31-99a2-67682228af54,70-71°F,Highest temperature in Atlanta on April 4?,0.0,-24.993283138766728,1429.1129032258066
2026-04-02T11:40:58.906969+00:00,Atlanta,2026-04-04,high,82.0,F,72.0,73.0,range,0.015,,,,0.00012743734832443288,-0.014872562651675567,,5869d00e-8c87-44e0-a34b-8ab713228d71,72-73°F,Highest temperature in Atlanta on April 4?,0.0,-24.80852538414254,1477.5
2026-04-02T11:40:58.906969+00:00,Atlanta,2026-04-04,high,82.0,F,74.0,75.0,range,0.043,,,,0.0018679923925120634,-0.04113200760748793,,f0bf5655-0a63-4dcb-8f52-6e2b7690e8c9,74-75°F,Highest temperature in Atlanta on April 4?,0.0,-24.017892139215895,500.7558139534884
2026-04-02T11:40:58.906969+00:00,Atlanta,2026-04-04,high,82.0,F,82.0,83.0,range,0.255,,,,0.15542174161032418,-0.09957825838967582,,8dfb41a4-f6f9-49c7-b3ac-6b3120c6825a,82-83°F,Highest temperature in Atlanta on April 4?,0.0,-10.897762562710291,65.73529411764706
2026-04-02T11:40:58.906969+00:00,Atlanta,2026-04-04,high,82.0,F,76.0,77.0,range,0.08,,,,0.014552596023583053,-0.06544740397641695,,08088524-7a96-44b1-9b4e-9ff3ed728fb1,76-77°F,Highest temperature in Atlanta on April 4?,0.0,-20.870700878308305,258.75
2026-04-02T11:40:58.906969+00:00,Atlanta,2026-04-04,high,82.0,F,78.0,79.0,range,0.205,,,,0.060270378522150225,-0.14472962147784976,,569a95e4-c36d-4610-86c9-447957df9e53,78-79°F,Highest temperature in Atlanta on April 4?,0.0,-18.234282508580577,87.25609756097562
2026-04-02T11:40:58.906969+00:00,Atlanta,2026-04-04,high,82.0,F,84.0,999.0,above,0.15500000000000003,,,,0.21185539858339664,0.05685539858339661,,a0fc75de-b227-4bda-b721-c4321e11086d,84°F or higher,Highest temperature in Atlanta on April 4?,0.0,6.282841516628963,122.66129032258061
2026-04-02T11:41:00.266384+00:00,Miami,2026-04-04,high,82.0,F,74.0,75.0,range,0.0095,,,,0.0018679923925120634,-0.007632007607487936,,b62823a7-f89d-44ac-817e-75aa7db04990,74-75°F,Highest temperature in Miami on April 4?,0.0,-20.571137510437516,2345.921052631579
2026-04-02T11:41:00.266384+00:00,Miami,2026-04-04,high,82.0,F,-999.0,71.0,below,0.0045000000000000005,,,,5.412543907734602e-06,-0.004494587456092266,,aa6c54dc-de0a-4c53-b89c-6ab2a2097e6c,71°F or below,Highest temperature in Miami on April 4?,0.0,-24.972923749101557,4977.499999999999
2026-04-02T11:41:00.266384+00:00,Miami,2026-04-04,high,82.0,F,72.0,73.0,range,0.003,,,,0.00012743734832443288,-0.002872562651675567,,2732f02e-6a4b-45cb-876c-1166cba55462,72-73°F,Highest temperature in Miami on April 4?,0.0,-24.043901294195944,7477.500000000001
2026-04-02T11:41:00.266384+00:00,Miami,2026-04-04,high,82.0,F,88.0,89.0,range,0.0045,,,,0.005642405594168287,0.0011424055941682875,,57c3026b-070c-4ff5-9b47-9e41058e68a9,88-89°F,Highest temperature in Miami on April 4?,0.0,3.2261339848268555,4977.5
2026-04-02T11:41:00.266384+00:00,Miami,2026-04-04,high,82.0,F,86.0,87.0,range,0.0265,,,,0.032049159751378786,0.005549159751378787,,2285b74c-f880-41bc-a040-2a5fcd90f892,86-87°F,Highest temperature in Miami on April 4?,0.0,2.291673631681192,826.5566037735849
2026-04-02T11:41:00.266384+00:00,Miami,2026-04-04,high,82.0,F,82.0,83.0,range,0.285,,,,0.15542174161032418,-0.1295782583896758,,9274a059-319e-47f0-8ea8-65272ecb2a6e,82-83°F,Highest temperature in Miami on April 4?,0.0,-12.341308150422277,56.447368421052644
2026-04-02T11:41:00.266384+00:00,Miami,2026-04-04,high,82.0,F,84.0,85.0,range,0.1,,,,0.09678572836168842,-0.003214271638311589,,b168ffee-8e4f-44c7-bbbf-485dae7d0c89,84-85°F,Highest temperature in Miami on April 4?,0.0,-2.9812467977158867,202.5
2026-04-02T11:41:00.266384+00:00,Miami,2026-04-04,high,82.0,F,76.0,77.0,range,0.0295,,,,0.014552596023583053,-0.014947403976416945,,465c0070-6ca9-4a02-9e00-342151e52ca7,76-77°F,Highest temperature in Miami on April 4?,0.0,-13.86418086483532,740.2118644067798
2026-04-02T11:41:00.266384+00:00,Miami,2026-04-04,high,82.0,F,80.0,81.0,range,0.395,,,,0.13272285980627918,-0.26227714019372084,,065e32d5-1802-49d9-a77b-7a00db2bebe6,80-81°F,Highest temperature in Miami on April 4?,0.0,-17.108029950126628,34.462025316455694
2026-04-02T11:41:00.266384+00:00,Miami,2026-04-04,high,82.0,F,78.0,79.0,range,0.2,,,,0.060270378522150225,-0.13972962147784979,,bca43c0a-151f-4891-abe7-3f0822068faf,78-79°F,Highest temperature in Miami on April 4?,0.0,-18.068906469952726,90.0
2026-04-02T11:41:02.642907+00:00,Chicago,2026-04-04,high,62.0,F,76.0,999.0,above,0.002,,,,1.0717590259723409e-08,-0.0019999892824097403,,441fdd42-300d-4814-a855-2a0f76b5d06e,76°F or higher,Highest temperature in Chicago on April 4?,0.0,-24.999879400315603,11227.5
2026-04-02T11:41:02.642907+00:00,Chicago,2026-04-04,high,62.0,F,74.0,75.0,range,0.002,,,,6.936838887749985e-07,-0.001999306316111225,,19a5c6ef-6089-44f8-9bfc-11ae5c7319cd,74-75°F,Highest temperature in Chicago on April 4?,0.0,-24.99219432204156,11227.5
2026-04-02T11:41:02.642907+00:00,Chicago,2026-04-04,high,62.0,F,72.0,73.0,range,0.0045,,,,2.6258697925385377e-05,-0.004473741302074614,,488a183f-a31b-4309-b115-3e2768570c78,72-73°F,Highest temperature in Chicago on April 4?,0.0,-24.868640863628258,4977.5
2026-04-02T11:41:02.642907+00:00,Chicago,2026-04-04,high,62.0,F,70.0,71.0,range,0.011,,,,0.0005280293477583076,-0.010471970652241692,,50ab5d2b-a4ca-49c9-95be-33db82d7051e,70-71°F,Highest temperature in Chicago on April 4?,0.0,-23.918619897124977,2022.9545454545457
2026-04-02T11:41:02.642907+00:00,Chicago,2026-04-04,high,62.0,F,68.0,69.0,range,0.0205,,,,0.005642405594168287,-0.014857594405831714,,594079f4-3588-46b3-8040-4bbe7cb14806,68-69°F,Highest temperature in Chicago on April 4?,0.0,-18.793009797293287,1075.060975609756
2026-04-02T11:41:02.642907+00:00,Chicago,2026-04-04,high,62.0,F,66.0,67.0,range,0.041,,,,0.032049159751378786,-0.008950840248621215,,e7464b35-a836-4b51-8dcf-da96257f9ce9,66-67°F,Highest temperature in Chicago on April 4?,0.0,-7.3319235785234405,526.280487804878
2026-04-02T11:41:02.642907+00:00,Chicago,2026-04-04,high,62.0,F,62.0,63.0,range,0.135,,,,0.15542174161032418,0.020421741610324173,,d8c58b06-01ee-4c4a-973a-043afd33b19f,62-63°F,Highest temperature in Chicago on April 4?,0.0,1.2921779557465065,144.16666666666666
2026-04-02T11:41:02.642907+00:00,Chicago,2026-04-04,high,62.0,F,64.0,65.0,range,0.085,,,,0.09678572836168842,0.01178572836168841,,d605be7b-8833-4970-a34b-27ba53f34a5f,64-65°F,Highest temperature in Chicago on April 4?,0.0,0.8617159460570392,242.2058823529412
2026-04-02T11:41:02.642907+00:00,Chicago,2026-04-04,high,62.0,F,60.0,61.0,range,0.165,,,,0.13272285980627918,-0.03227714019372083,,3d610f14-524c-410d-a176-b36491251701,60-61°F,Highest temperature in Chicago on April 4?,0.0,-6.56962105871896,113.86363636363636
2026-04-02T11:41:02.642907+00:00,Chicago,2026-04-04,high,62.0,F,58.0,59.0,range,0.185,,,,0.060270378522150225,-0.12472962147784977,,771fa50d-6f4d-48a3-ba62-87aaa2cf6f19,58-59°F,Highest temperature in Chicago on April 4?,0.0,-17.51914288208176,99.12162162162161
2026-04-02T11:41:02.642907+00:00,Chicago,2026-04-04,high,62.0,F,-999.0,57.0,below,0.355,,,,0.02275013194817921,-0.3322498680518208,,7706f761-6ffd-4fe7-8713-ff2a73c383f3,57°F or below,Highest temperature in Chicago on April 4?,0.0,-23.501214898766083,40.880281690140855
2026-04-02T11:40:26.533470+00:00,Dallas,2026-04-04,high,69.0,F,84.0,85.0,range,0.012,,,,9.088991781425193e-10,-0.011999999091100822,,10b4596a-7831-4e02-b6c2-09b362fc559e,84-85°F,Highest temperature in Dallas on April 4?,0.0,-24.999998293541793,1852.5000000000002
2026-04-02T11:40:26.533470+00:00,Dallas,2026-04-04,high,69.0,F,82.0,83.0,range,0.019,,,,8.892667291426903e-08,-0.018999911073327085,,dfcb5788-bccc-4bd2-a9bb-4d33c61a855b,82-83°F,Highest temperature in Dallas on April 4?,0.0,-24.999894469781182,1161.7105263157896
2026-04-02T11:40:26.533470+00:00,Dallas,2026-04-04,high,69.0,F,80.0,81.0,range,0.026,,,,4.619215755785611e-06,-0.025995380784244213,,51b5b5c3-bafa-4010-8a55-d7c570d85128,80-81°F,Highest temperature in Dallas on April 4?,0.0,-24.995991053710412,842.8846153846154
2026-04-02T11:40:26.533470+00:00,Dallas,2026-04-04,high,69.0,F,68.0,69.0,range,0.0735,,,,0.15542174161032418,0.08192174161032419,,6fce9b83-18ab-4cae-bed4-8650a85e3d0c,68-69°F,Highest temperature in Dallas on April 4?,0.0,22.96663852045159,283.62244897959187
2026-04-02T11:40:26.533470+00:00,Dallas,2026-04-04,high,69.0,F,70.0,71.0,range,0.1615,,,,0.13272285980627918,-0.028777140193720824,,aa6e2642-1d7a-46d0-8525-f8b86961cf5a,70-71°F,Highest temperature in Dallas on April 4?,0.0,-6.177391948680704,116.81888544891639
2026-04-02T11:30:20.415897+00:00,Dallas,2026-04-04,high,69.0,F,78.0,79.0,range,0.075,,,,0.00012743734832443288,-0.07487256265167556,,6278dca7-2022-4150-aa27-838e80a5d43c,78-79°F,Highest temperature in Dallas on April 4?,0.0,-24.96145020213186,277.50000000000006
2026-04-02T11:30:20.415897+00:00,Dallas,2026-04-04,high,69.0,F,-999.0,67.0,below,0.055,,,,0.21185539858339664,0.15685539858339664,,ec510bfb-51c5-49ea-82f9-3716fa8b43e6,67°F or below,Highest temperature in Dallas on April 4?,0.0,62.197756098757125,386.5909090909091
2026-04-02T11:30:20.415897+00:00,Dallas,2026-04-04,high,69.0,F,76.0,77.0,range,0.155,,,,0.0018679923925120079,-0.153132007607488,,e3b1a0ee-8494-4bf6-8473-c273c857b0c6,76-77°F,Highest temperature in Dallas on April 4?,0.0,-24.72416983300891,122.66129032258064
2026-04-02T11:30:20.415897+00:00,Dallas,2026-04-04,high,69.0,F,74.0,75.0,range,0.265,,,,0.014552596023583053,-0.25044740397641696,,8b313b49-40d4-4b7f-9ff4-b0ed1f3d82ae,74-75°F,Highest temperature in Dallas on April 4?,0.0,-23.7280207343538,62.405660377358494
2026-04-02T11:30:20.415897+00:00,Dallas,2026-04-04,high,69.0,F,72.0,73.0,range,0.225,,,,0.060270378522150225,-0.16472962147784978,,d9d9c9dc-71e5-4e1e-89a6-9952444c54c3,72-73°F,Highest temperature in Dallas on April 4?,0.0,-18.822286201479603,77.5
2026-04-02T12:00:56.697414+00:00,Dallas,2026-04-04,high,69.0,F,86.0,999.0,above,0.0105,,,,5.2309268028238876e-12,-0.010499999994769074,,41a566e4-f0df-49f9-a8ac-4109bb49bfc7,86°F or higher,Highest temperature in Dallas on April 4?,0.0,-24.999999988777795,2120.3571428571427
2026-04-02T11:31:36.631879+00:00,Seattle,2026-04-04,high,61.0,F,66.0,67.0,range,0.02,,,,0.014552596023583053,-0.005447403976416947,,8fef7810-ccc7-4d3d-b0c0-65cbbfea5efd,66-67°F,Highest temperature in Seattle on April 4?,0.0,-8.591947983410105,1102.5
2026-04-02T11:31:36.631879+00:00,Seattle,2026-04-04,high,61.0,F,50.0,51.0,range,0.0045,,,,2.6258697925385377e-05,-0.004473741302074614,,94fe4e83-b508-4e79-8618-f6d9edc036e3,50-51°F,Highest temperature in Seattle on April 4?,0.0,-24.868640863628258,4977.5
2026-04-02T11:31:36.631879+00:00,Seattle,2026-04-04,high,61.0,F,-999.0,49.0,below,0.0035,,,,7.93328151948991e-07,-0.003499206671848051,,cea5f381-2795-47d7-a8af-40cc0d509cf6,49°F or below,Highest temperature in Seattle on April 4?,0.0,-24.99489804998852,6406.071428571429
2026-04-02T11:31:36.631879+00:00,Seattle,2026-04-04,high,61.0,F,52.0,53.0,range,0.0075,,,,0.0005280293477583076,-0.006971970652241692,,79f7fa6b-aa19-4245-a8f5-0b1b14611344,52-53°F,Highest temperature in Seattle on April 4?,0.0,-23.414591883355683,2977.5
2026-04-02T11:31:36.631879+00:00,Seattle,2026-04-04,high,61.0,F,68.0,999.0,above,0.006,,,,0.0025551303304278683,-0.003444869669572132,,be98fcc6-40e1-4f2c-8848-8e294ec271c6,68°F or higher,Highest temperature in Seattle on April 4?,0.0,-15.411873435069422,3727.5000000000005
2026-04-02T11:31:36.631879+00:00,Seattle,2026-04-04,high,61.0,F,64.0,65.0,range,0.0355,,,,0.060270378522150225,0.02477037852215023,,f2ad8ae1-1e8e-44b8-a7a8-6d0959766e27,64-65°F,Highest temperature in Seattle on April 4?,0.0,13.350211629358334,611.3028169014085
2026-04-02T11:31:36.631879+00:00,Seattle,2026-04-04,high,61.0,F,54.0,55.0,range,0.0155,,,,0.005642405594168232,-0.009857594405831768,,ebaf23a8-0cdf-4a00-9020-30c4add262ab,54-55°F,Highest temperature in Seattle on April 4?,0.0,-16.7953052202865,1429.1129032258066
2026-04-02T11:31:36.631879+00:00,Seattle,2026-04-04,high,61.0,F,56.0,57.0,range,0.1,,,,0.032049159751378786,-0.06795084024862122,,060dbd1e-7b9b-4243-ac82-2a36f1a0f0c6,56-57°F,Highest temperature in Seattle on April 4?,0.0,-17.708816156561326,202.5
2026-04-02T11:31:36.631879+00:00,Seattle,2026-04-04,high,61.0,F,62.0,63.0,range,0.28,,,,0.13272285980627918,-0.14727714019372085,,3cb45fd2-185d-4789-bc13-2811c105ea35,62-63°F,Highest temperature in Seattle on April 4?,0.0,-14.002963044622584,57.857142857142854
2026-04-02T11:31:36.631879+00:00,Seattle,2026-04-04,high,61.0,F,58.0,59.0,range,0.205,,,,0.09678572836168842,-0.10821427163831157,,7446a052-9e74-4032-8ab2-d5f389712016,58-59°F,Highest temperature in Seattle on April 4?,0.0,-14.13521183452022,87.25609756097562
2026-04-02T11:31:36.631879+00:00,Seattle,2026-04-04,high,61.0,F,60.0,61.0,range,0.425,,,,0.15542174161032418,-0.2695782583896758,,d894bddf-64fd-4ff4-ad30-e40efb308a41,60-61°F,Highest temperature in Seattle on April 4?,0.0,-16.38323579601585,30.441176470588232
2026-04-01T16:41:08.314702+00:00,NYC,2026-04-01,high,75.0,F,86.0,87.0,range,0.0025,,,,4.619215755785611e-06,-0.0024953807842442144,,b29cfa89-d6a1-42cc-91cd-523f8b5cd3dd,86-87°F,Highest temperature in NYC on April 1?,0.0,-24.95841551015854,8977.5
2026-04-01T16:41:08.314702+00:00,NYC,2026-04-01,high,75.0,F,84.0,85.0,range,0.003,,,,0.00012743734832443288,-0.002872562651675567,,a79e61e5-b955-45d5-ad29-d3b20851b273,84-85°F,Highest temperature in NYC on April 1?,0.0,-24.043901294195944,7477.500000000001
2026-04-01T16:41:08.314702+00:00,NYC,2026-04-01,high,75.0,F,82.0,83.0,range,0.0195,,,,0.0018679923925120079,-0.017632007607487992,,3716bca6-f8a4-4611-bce2-19b06757b654,82-83°F,Highest temperature in NYC on April 1?,0.0,-22.839954181504865,1131.3461538461538
2026-04-01T16:41:08.314702+00:00,NYC,2026-04-01,high,75.0,F,-999.0,69.0,below,0.0005,,,,0.008197535924596155,0.007697535924596155,,320d5263-bc9a-4445-b193-7c4fc2dba808,69°F or below,Highest temperature in NYC on April 1?,0.0,343.9096104466385,44977.5
2026-04-01T16:41:08.314702+00:00,NYC,2026-04-01,high,75.0,F,72.0,73.0,range,0.025,,,,0.09678572836168842,0.07178572836168842,,daf8acb6-17d9-4ef6-903d-f4eaa0fdacac,72-73°F,Highest temperature in NYC on April 1?,0.0,62.34911984642379,877.5
2026-04-01T19:51:19.636963+00:00,NYC,2026-04-01,high,73.0,F,78.0,79.0,range,0.13,,,,0.014552596023583053,-0.11544740397641695,,2eab54b4-a434-47f3-9e94-8bd2479058bd,78-79°F,Highest temperature in NYC on April 1?,0.0,-22.44489996739782,150.57692307692307
2026-04-01T17:00:58.168311+00:00,NYC,2026-04-01,high,75.0,F,74.0,75.0,range,0.13,,,,0.15542174161032418,0.025421741610324178,,b06862df-8f20-4d11-bf43-6213f9366d64,74-75°F,Highest temperature in NYC on April 1?,0.0,2.288471171197301,150.57692307692307
2026-04-01T20:01:32.832332+00:00,NYC,2026-04-01,high,73.0,F,76.0,77.0,range,0.0005,,,,0.060270378522150225,0.059770378522150225,,d8fad850-c3a5-4058-ae2e-afd53ccbf4d9,76-77°F,Highest temperature in NYC on April 1?,0.0,2687.3177094430653,44977.5
2026-04-01T17:31:35.635081+00:00,NYC,2026-04-01,high,75.0,F,80.0,81.0,range,0.0245,,,,0.014552596023583053,-0.009947403976416948,,3276a32d-13f8-40a8-ab4d-3194dbe0589d,80-81°F,Highest temperature in NYC on April 1?,0.0,-11.5989895086913,895.8673469387754
2026-04-02T11:31:40.737915+00:00,Chicago,2026-04-03,high,59.0,F,56.0,57.0,range,0.0825,,,,0.09678572836168842,0.014285728361688413,,87cf19b7-58bd-4908-887c-c9244de1a4cd,56-57°F,Highest temperature in Chicago on April 3?,0.0,1.6380720559101505,250.22727272727272
2026-04-02T11:31:40.737915+00:00,Chicago,2026-04-03,high,59.0,F,40.0,41.0,range,0.0015,,,,2.8632651805082787e-13,-0.0014999999997136735,,d8767263-c339-40c5-abb8-0495ea08c4db,40-41°F,Highest temperature in Chicago on April 3?,0.0,-24.999999995704385,14977.500000000002
2026-04-02T11:31:40.737915+00:00,Chicago,2026-04-03,high,59.0,F,58.0,999.0,above,0.885,,,,0.6554217416103242,-0.22957825838967583,,ddbda9fb-38d8-4b1e-9396-329b3ece90e5,58°F or higher,Highest temperature in Chicago on April 3?,0.0,-6.698181028762558,2.923728813559322
2026-04-02T11:31:40.737915+00:00,Chicago,2026-04-03,high,59.0,F,48.0,49.0,range,0.008,,,,2.6258697925385377e-05,-0.007973741302074615,,13b85d75-2022-4ed4-a82f-65097782c699,48-49°F,Highest temperature in Chicago on April 3?,0.0,-24.92608176534004,2790.0
2026-04-02T11:31:40.737915+00:00,Chicago,2026-04-03,high,59.0,F,42.0,43.0,range,0.0015,,,,7.245753996798499e-11,-0.00149999992754246,,02bdfffd-00c0-40cc-8e25-56e1dc1d3f25,42-43°F,Highest temperature in Chicago on April 3?,0.0,-24.999998912955757,14977.500000000002
2026-04-02T11:31:40.737915+00:00,Chicago,2026-04-03,high,59.0,F,44.0,45.0,range,0.0025,,,,9.73100261481008e-09,-0.0024999902689973852,,26aa79f3-cdee-407d-b76c-f9901e03e444,44-45°F,Highest temperature in Chicago on April 3?,0.0,-24.99991239664896,8977.5
2026-04-02T11:31:40.737915+00:00,Chicago,2026-04-03,high,59.0,F,54.0,55.0,range,0.0355,,,,0.032049159751378786,-0.0034508402486212106,,fe49872a-8ab1-4380-9f8d-12f5ef5cd1c0,54-55°F,Highest temperature in Chicago on April 3?,0.0,-4.607029370874432,611.3028169014085
2026-04-02T11:31:40.737915+00:00,Chicago,2026-04-03,high,59.0,F,46.0,47.0,range,0.0025,,,,6.936838887749985e-07,-0.002499306316111225,,a1606050-bf06-4236-b2ae-f9ffe12eb572,46-47°F,Highest temperature in Chicago on April 3?,0.0,-24.9937551107913,8977.5
2026-04-02T11:31:40.737915+00:00,Chicago,2026-04-03,high,59.0,F,50.0,51.0,range,0.013999999999999999,,,,0.0005280293477583076,-0.013471970652241691,,b81d1559-0c2f-4692-8745-74aa1f6a8c0b,50-51°F,Highest temperature in Chicago on April 3?,0.0,-24.15006133201904,1584.6428571428573
2026-04-02T11:31:40.737915+00:00,Chicago,2026-04-03,high,59.0,F,-999.0,39.0,below,0.0015,,,,6.106226635438361e-16,-0.0014999999999993894,,aa2e4075-e489-45ae-87d8-023bf3388aca,39°F or below,Highest temperature in Chicago on April 3?,0.0,-24.999999999990838,14977.500000000002
2026-04-02T11:31:40.737915+00:00,Chicago,2026-04-03,high,59.0,F,52.0,53.0,range,0.015,,,,0.005642405594168232,-0.009357594405831768,,b7bcd0b5-0107-4979-8611-1fd7a71e09eb,52-53°F,Highest temperature in Chicago on April 3?,0.0,-16.522285594762234,1477.5
2026-04-02T06:30:55.231238+00:00,Dallas,2026-04-03,high,82.0,F,94.0,999.0,above,0.004,,,,7.93328151948991e-07,-0.003999206671848051,,4b56c5d8-26e9-4c1e-8f6d-5b9261ef0b3b,94°F or higher,Highest temperature in Dallas on April 3?,0.0,-24.995535545824907,5602.5
2026-04-02T00:10:49.572237+00:00,Dallas,2026-04-03,high,82.0,F,92.0,93.0,range,0.0045000000000000005,,,,2.6258697925385377e-05,-0.004473741302074615,,94facc9a-9e1c-4790-8d06-04021261b7f8,92-93°F,Highest temperature in Dallas on April 3?,0.0,-24.86864086362826,4977.499999999999
2026-04-02T00:10:49.572237+00:00,Dallas,2026-04-03,high,82.0,F,82.0,83.0,range,0.245,,,,0.15542174161032418,-0.08957825838967581,,d77eb125-ce10-4f5a-9368-eb3dc62d2ed1,82-83°F,Highest temperature in Dallas on April 3?,0.0,-10.338020396046456,69.33673469387756
2026-04-02T00:01:40.007121+00:00,Dallas,2026-04-03,high,82.0,F,-999.0,75.0,below,0.007,,,,0.002555130330427924,-0.004444869669572076,,4cc1bdcc-e54d-495c-b0c4-a8b26d47aab2,75°F or below,Highest temperature in Dallas on April 3?,0.0,-16.78069325494132,3191.7857142857147
2026-04-02T00:01:40.007121+00:00,Dallas,2026-04-03,high,82.0,F,84.0,85.0,range,0.225,,,,0.09678572836168842,-0.1282142716383116,,ce9122ff-5b36-41bb-adec-c5d80282070f,84-85°F,Highest temperature in Dallas on April 3?,0.0,-15.079462842926937,77.5
2026-04-02T00:01:40.007121+00:00,Dallas,2026-04-03,high,82.0,F,76.0,77.0,range,0.035,,,,0.014552596023583053,-0.02044740397641695,,4713b6bc-cdfd-4a2e-8284-b9ade764af30,76-77°F,Highest temperature in Dallas on April 3?,0.0,-15.608378209066222,620.3571428571428
2026-04-02T00:01:40.007121+00:00,Dallas,2026-04-03,high,82.0,F,86.0,87.0,range,0.145,,,,0.032049159751378786,-0.1129508402486212,,a6149cd4-a075-4c15-8b31-f1757ef5d29c,86-87°F,Highest temperature in Dallas on April 3?,0.0,-19.946731621959326,132.67241379310346
2026-04-02T00:01:40.007121+00:00,Dallas,2026-04-03,high,82.0,F,90.0,91.0,range,0.0105,,,,0.0005280293477583076,-0.009971970652241693,,198ccdb5-f38d-456a-ad90-0375754f2452,90-91°F,Highest temperature in Dallas on April 3?,0.0,-23.867188467148516,2120.3571428571427
2026-04-02T00:01:40.007121+00:00,Dallas,2026-04-03,high,82.0,F,78.0,79.0,range,0.16,,,,0.060270378522150225,-0.09972962147784978,,3b0e2de0-4dbc-416d-a594-1bef7c78594b,78-79°F,Highest temperature in Dallas on April 3?,0.0,-16.37380207401725,118.125
2026-04-02T00:01:40.007121+00:00,Dallas,2026-04-03,high,82.0,F,88.0,89.0,range,0.055,,,,0.005642405594168287,-0.04935759440583171,,0a242bc7-c2f7-46ee-a72b-c44a9852a092,88-89°F,Highest temperature in Dallas on April 3?,0.0,-22.67763715203664,386.5909090909091
2026-04-02T00:01:40.007121+00:00,Dallas,2026-04-03,high,82.0,F,80.0,81.0,range,0.175,,,,0.13272285980627918,-0.04227714019372081,,c0385766-ffd7-4066-b499-584bd3bdaf39,80-81°F,Highest temperature in Dallas on April 3?,0.0,-7.603825161105549,106.07142857142858
2026-04-02T12:00:57.015448+00:00,NYC,2026-04-05,high,67.0,F,80.0,81.0,range,0.006,,,,8.892667291426903e-08,-0.005999911073327086,,16358933-7718-4ed0-b4b1-11d1839c6e47,80-81°F,Highest temperature in NYC on April 5?,0.0,-24.99966630265989,3727.5000000000005
2026-04-02T12:00:57.015448+00:00,NYC,2026-04-05,high,67.0,F,78.0,79.0,range,0.01,,,,4.619215755785611e-06,-0.009995380784244215,,e64b72a8-aafc-4f0d-a3ad-9979ff402ede,78-79°F,Highest temperature in NYC on April 5?,0.0,-24.989595216510093,2227.5
2026-04-02T12:00:57.015448+00:00,NYC,2026-04-05,high,67.0,F,76.0,77.0,range,0.013,,,,0.00012743734832443288,-0.012872562651675567,,1861bd19-c349-48b8-bd3d-47e87b29e756,76-77°F,Highest temperature in NYC on April 5?,0.0,-24.77911676529844,1708.2692307692307
2026-04-02T12:00:57.015448+00:00,NYC,2026-04-05,high,67.0,F,74.0,75.0,range,0.042,,,,0.0018679923925120079,-0.040132007607487995,,8d07598a-ce73-48a5-b054-99044b125937,74-75°F,Highest temperature in NYC on April 5?,0.0,-23.99461980874443,513.2142857142857
2026-04-02T12:00:57.015448+00:00,NYC,2026-04-05,high,67.0,F,72.0,73.0,range,0.045,,,,0.014552596023583053,-0.030447403976416945,,1b3bece2-b254-4c6d-a194-e47ca32065f3,72-73°F,Highest temperature in NYC on April 5?,0.0,-17.687320498149514,477.5
2026-04-02T12:00:57.015448+00:00,NYC,2026-04-05,high,67.0,F,70.0,71.0,range,0.105,,,,0.060270378522150225,-0.04472962147784977,,8682c599-2ee0-42ba-9653-6d7ebc2619ac,70-71°F,Highest temperature in NYC on April 5?,0.0,-11.93424294180529,191.7857142857143
2026-04-02T12:00:57.015448+00:00,NYC,2026-04-05,high,67.0,F,68.0,69.0,range,0.11,,,,0.13272285980627918,0.02272285980627918,,792c4513-77cd-45a0-be3f-cbad45baa083,68-69°F,Highest temperature in NYC on April 5?,0.0,2.479664837163714,182.04545454545456
2026-04-02T12:00:57.015448+00:00,NYC,2026-04-05,high,67.0,F,-999.0,67.0,below,0.625,,,,0.5,-0.125,,dc7e1d79-0858-42fd-8cf4-a87a4543aa4b,67°F or below,Highest temperature in NYC on April 5?,0.0,-5.75,13.5
2026-04-02T12:00:49.475082+00:00,Chicago,2026-04-06,high,54.0,F,-999.0,41.0,below,0.0205,,,,9.964426317399244e-08,-0.020499900355736827,,18531488-16a8-455a-b406-756a7530236e,41°F or below,Highest temperature in Chicago on April 6?,0.0,-24.99989038523464,1075.060975609756
2026-04-02T12:00:49.475082+00:00,Chicago,2026-04-06,high,54.0,F,60.0,999.0,above,0.05,,,,0.008197535924596155,-0.04180246407540385,,dd1b2f0a-07be-436a-b650-61a6732c4d5b,60°F or higher,Highest temperature in Chicago on April 6?,0.0,-21.29061499412024,427.5
2026-04-02T12:00:49.475082+00:00,Chicago,2026-04-06,high,54.0,F,58.0,59.0,range,0.115,,,,0.032049159751378786,-0.08295084024862122,,bc63ec48-85f4-4473-926a-748032db4081,58-59°F,Highest temperature in Chicago on April 6?,0.0,-18.64938932317788,173.15217391304347
2026-04-02T12:00:49.475082+00:00,Chicago,2026-04-06,high,54.0,F,54.0,55.0,range,0.115,,,,0.15542174161032418,0.04042174161032418,,f1cc67ab-f1ac-46db-87cd-842a509967db,54-55°F,Highest temperature in Chicago on April 6?,0.0,5.797155973437064,173.15217391304347
2026-04-02T12:00:49.475082+00:00,Chicago,2026-04-06,high,54.0,F,42.0,43.0,range,0.115,,,,4.619215755785611e-06,-0.11499538078424422,,da297011-efb9-4bd3-b712-0f43f697aff1,42-43°F,Highest temperature in Chicago on April 6?,0.0,-24.999084692356217,173.15217391304347
2026-04-02T12:00:49.475082+00:00,Chicago,2026-04-06,high,54.0,F,44.0,45.0,range,0.12,,,,0.00012743734832443288,-0.11987256265167556,,9de1b490-59f6-432c-b1a6-14348896f2f9,44-45°F,Highest temperature in Chicago on April 6?,0.0,-24.97578690381836,165.0
2026-04-02T12:00:49.475082+00:00,Chicago,2026-04-06,high,54.0,F,56.0,57.0,range,0.14,,,,0.09678572836168842,-0.0432142716383116,,475b0457-95f8-48fe-b3af-38b45678de63,56-57°F,Highest temperature in Chicago on April 6?,0.0,-9.203186478110142,138.2142857142857
2026-04-02T12:00:49.475082+00:00,Chicago,2026-04-06,high,54.0,F,52.0,53.0,range,0.175,,,,0.13272285980627918,-0.04227714019372081,,0a7de861-2cd5-4b1f-8688-69b5720ee599,52-53°F,Highest temperature in Chicago on April 6?,0.0,-7.603825161105549,106.07142857142858
2026-04-02T12:00:49.475082+00:00,Chicago,2026-04-06,high,54.0,F,46.0,47.0,range,0.18,,,,0.0018679923925120634,-0.17813200760748793,,dd727571-190b-4a66-b0a9-864c749bb807,46-47°F,Highest temperature in Chicago on April 6?,0.0,-24.761830969954712,102.50000000000001
2026-04-02T12:00:49.475082+00:00,Chicago,2026-04-06,high,54.0,F,50.0,51.0,range,0.205,,,,0.060270378522150225,-0.14472962147784976,,f6fddcc7-a753-4401-9491-c63c0c9446db,50-51°F,Highest temperature in Chicago on April 6?,0.0,-18.234282508580577,87.25609756097562
2026-04-02T12:00:49.475082+00:00,Chicago,2026-04-06,high,54.0,F,48.0,49.0,range,0.235,,,,0.014552596023583053,-0.22044740397641693,,17615d7d-5ca5-4710-a6ae-58318ab8b8ec,48-49°F,Highest temperature in Chicago on April 6?,0.0,-23.57028484810862,73.24468085106383
2026-04-02T12:00:51.846434+00:00,Seattle,2026-04-06,high,67.0,F,60.0,61.0,range,0.06,,,,0.005642405594168232,-0.054357594405831766,,ef0f2281-e3a9-4ae5-b160-83320de258e8,60-61°F,Highest temperature in Seattle on April 6?,0.0,-22.869991888201493,352.5
2026-04-02T12:00:51.846434+00:00,Seattle,2026-04-06,high,67.0,F,62.0,63.0,range,0.065,,,,0.032049159751378786,-0.032950840248621216,,60b5d63f-115f-4777-8c07-331ce90e9f27,62-63°F,Highest temperature in Seattle on April 6?,0.0,-13.825937186682744,323.65384615384613
2026-04-02T12:00:51.846434+00:00,Seattle,2026-04-06,high,67.0,F,-999.0,59.0,below,0.075,,,,0.0006871379379158604,-0.07431286206208414,,f53a06a2-8854-40ca-beba-772297a849f4,59°F or below,Highest temperature in Seattle on April 6?,0.0,-24.792140773780453,277.50000000000006
2026-04-02T12:00:51.846434+00:00,Seattle,2026-04-06,high,67.0,F,78.0,999.0,above,0.085,,,,5.412543907734602e-06,-0.08499458745609227,,61dcea92-1d34-40c3-b1e5-adc1cb770019,78°F or higher,Highest temperature in Seattle on April 6?,0.0,-24.99855373642936,242.2058823529412
2026-04-02T12:00:51.846434+00:00,Seattle,2026-04-06,high,67.0,F,76.0,77.0,range,0.085,,,,0.00012743734832443288,-0.08487256265167557,,36106f42-4da0-43c0-a4b2-c0de756fba6f,76-77°F,Highest temperature in Seattle on April 6?,0.0,-24.96594799089625,242.2058823529412
2026-04-02T12:00:51.846434+00:00,Seattle,2026-04-06,high,67.0,F,74.0,75.0,range,0.09,,,,0.0018679923925120079,-0.08813200760748799,,42ce85c4-8132-491b-936b-a3b1c4b25f57,74-75°F,Highest temperature in Seattle on April 6?,0.0,-24.528331920890718,227.5
2026-04-02T12:00:51.846434+00:00,Seattle,2026-04-06,high,67.0,F,66.0,67.0,range,0.09,,,,0.15542174161032418,0.06542174161032419,,22d03688-3ca2-449b-a502-5f6a46f70a54,66-67°F,Highest temperature in Seattle on April 6?,0.0,14.243989756606858,227.5
2026-04-02T12:00:51.846434+00:00,Seattle,2026-04-06,high,67.0,F,64.0,65.0,range,0.12,,,,0.09678572836168842,-0.02321427163831158,,0c31547e-a39b-443b-8532-d7ac71047539,64-65°F,Highest temperature in Seattle on April 6?,0.0,-6.610711611279202,165.0
2026-04-02T12:00:51.846434+00:00,Seattle,2026-04-06,high,67.0,F,68.0,69.0,range,0.15,,,,0.13272285980627918,-0.017277140193720814,,439d07b3-9307-46d3-ac6a-904de523c1e7,68-69°F,Highest temperature in Seattle on April 6?,0.0,-4.759763879542426,127.50000000000001
2026-04-02T12:00:51.846434+00:00,Seattle,2026-04-06,high,67.0,F,72.0,73.0,range,0.155,,,,0.014552596023583053,-0.14044740397641695,,5f2dab17-55e8-46eb-963f-669031a00fba,72-73°F,Highest temperature in Seattle on April 6?,0.0,-22.851144893614467,122.66129032258064
2026-04-02T12:00:51.846434+00:00,Seattle,2026-04-06,high,67.0,F,70.0,71.0,range,0.175,,,,0.060270378522150225,-0.11472962147784976,,f7304907-c5fb-4ac3-96a6-0f55ca175ef7,70-71°F,Highest temperature in Seattle on April 6?,0.0,-17.100275386561023,106.07142857142858
2026-04-02T12:00:54.062697+00:00,Miami,2026-04-06,high,83.0,F,74.0,75.0,range,0.075,,,,0.0005280293477583076,-0.07447197065224169,,a834552d-8376-4d6f-ab4f-671d9ea73706,74-75°F,Highest temperature in Miami on April 6?,0.0,-24.840271122303115,277.50000000000006
2026-04-02T12:00:54.062697+00:00,Miami,2026-04-06,high,83.0,F,76.0,77.0,range,0.11,,,,0.005642405594168232,-0.10435759440583177,,8d7df76a-69f0-4a84-933a-5e58d62cefb5,76-77°F,Highest temperature in Miami on April 6?,0.0,-23.831765569025624,182.04545454545456
2026-04-02T12:00:54.062697+00:00,Miami,2026-04-06,high,83.0,F,78.0,79.0,range,0.115,,,,0.032049159751378786,-0.08295084024862122,,a20143bf-5a41-4b92-adc3-01a5923424c3,78-79°F,Highest temperature in Miami on April 6?,0.0,-18.64938932317788,173.15217391304347
2026-04-02T12:00:54.062697+00:00,Miami,2026-04-06,high,83.0,F,84.0,85.0,range,0.12,,,,0.13272285980627918,0.012722859806279185,,db8e2c2f-5aad-452a-98d4-2a5de98bb6ca,84-85°F,Highest temperature in Miami on April 6?,0.0,0.21734336319304148,165.0
2026-04-02T12:00:54.062697+00:00,Miami,2026-04-06,high,83.0,F,86.0,87.0,range,0.13,,,,0.060270378522150225,-0.06972962147784978,,5048d438-2e2f-4db9-aec5-8459aa002826,86-87°F,Highest temperature in Miami on April 6?,0.0,-14.417912386399395,150.57692307692307
2026-04-02T12:00:54.062697+00:00,Miami,2026-04-06,high,83.0,F,80.0,81.0,range,0.155,,,,0.09678572836168842,-0.05821427163831158,,45d0eb37-b236-455e-bda7-0f8cebb11b4c,80-81°F,Highest temperature in Miami on April 6?,0.0,-10.7084944653023,122.66129032258064
2026-04-02T12:00:54.062697+00:00,Miami,2026-04-06,high,83.0,F,82.0,83.0,range,0.285,,,,0.15542174161032418,-0.1295782583896758,,6dd2ac3b-a2b9-438c-aba9-b9a156519377,82-83°F,Highest temperature in Miami on April 6?,0.0,-12.341308150422277,56.447368421052644
2026-04-02T12:00:32.699721+00:00,Dallas,2026-04-06,high,72.0,F,82.0,999.0,above,0.054,,,,3.167124183311998e-05,-0.05396832875816688,,acbbc9df-117c-46de-ab6b-fadfeb679042,82°F or higher,Highest temperature in Dallas on April 6?,0.0,-24.98672447113162,394.1666666666667
2026-04-02T12:00:32.699721+00:00,Dallas,2026-04-06,high,72.0,F,80.0,81.0,range,0.075,,,,0.0005280293477583076,-0.07447197065224169,,d4e7707a-7c94-4121-a73e-ad7c236e8e13,80-81°F,Highest temperature in Dallas on April 6?,0.0,-24.840271122303115,277.50000000000006
2026-04-02T12:00:32.699721+00:00,Dallas,2026-04-06,high,72.0,F,64.0,65.0,range,0.075,,,,0.0018679923925120634,-0.07313200760748793,,85a39131-ff40-43b8-8354-c62d821e8d65,64-65°F,Highest temperature in Dallas on April 6?,0.0,-24.434932301265103,277.50000000000006
2026-04-02T12:00:32.699721+00:00,Dallas,2026-04-06,high,72.0,F,78.0,79.0,range,0.08,,,,0.005642405594168287,-0.07435759440583171,,7d28306d-01d9-46e7-968f-d0df82c55f9a,78-79°F,Highest temperature in Dallas on April 6?,0.0,-23.39896741265475,258.75
2026-04-02T12:00:32.699721+00:00,Dallas,2026-04-06,high,72.0,F,66.0,67.0,range,0.08,,,,0.014552596023583053,-0.06544740397641695,,2b28fc14-ec10-4e9e-bbaa-8227bd3d2429,66-67°F,Highest temperature in Dallas on April 6?,0.0,-20.870700878308305,258.75
2026-04-02T12:00:32.699721+00:00,Dallas,2026-04-06,high,72.0,F,-999.0,63.0,below,0.085,,,,0.00015910859015755285,-0.08484089140984245,,18b11573-2629-4079-8fb7-560c7f4476f8,63°F or below,Highest temperature in Dallas on April 6?,0.0,-24.95748524877702,242.2058823529412
2026-04-02T12:00:32.699721+00:00,Dallas,2026-04-06,high,72.0,F,76.0,77.0,range,0.12,,,,0.032049159751378786,-0.08795084024862121,,b57af59f-f8d0-49f6-8d61-2562f8c1e1f8,76-77°F,Highest temperature in Dallas on April 6?,0.0,-18.91065964723803,165.0
2026-04-02T12:00:32.699721+00:00,Dallas,2026-04-06,high,72.0,F,68.0,69.0,range,0.135,,,,0.060270378522150225,-0.07472962147784978,,13b264d2-1bc2-4295-9d05-71c18625cfb2,68-69°F,Highest temperature in Dallas on April 6?,0.0,-14.804260966669588,144.16666666666666
2026-04-02T12:00:32.699721+00:00,Dallas,2026-04-06,high,72.0,F,74.0,75.0,range,0.16,,,,0.09678572836168842,-0.06321427163831159,,cdc30e9b-f340-438f-89c5-b1a98b7d4aa8,74-75°F,Highest temperature in Dallas on April 6?,0.0,-11.147542628233346,118.125
2026-04-02T12:00:32.699721+00:00,Dallas,2026-04-06,high,72.0,F,70.0,71.0,range,0.215,,,,0.13272285980627918,-0.08227714019372082,,f82b6b82-5414-40fa-8255-9d26770bc967,70-71°F,Highest temperature in Dallas on April 6?,0.0,-10.778591242850434,82.15116279069768
2026-04-02T12:00:32.699721+00:00,Dallas,2026-04-06,high,72.0,F,72.0,73.0,range,0.235,,,,0.15542174161032418,-0.0795782583896758,,df38388a-4c68-474e-ba16-55a7424edbc9,72-73°F,Highest temperature in Dallas on April 6?,0.0,-9.730640598177192,73.24468085106383
2026-04-02T12:00:46.445436+00:00,Atlanta,2026-04-06,high,70.0,F,58.0,59.0,range,0.085,,,,4.619215755785611e-06,-0.08499538078424422,,b2a734d2-5379-44b8-8bb7-fc93fad509a5,58-59°F,Highest temperature in Atlanta on April 6?,0.0,-24.9987657183782,242.2058823529412
2026-04-02T12:00:46.445436+00:00,Atlanta,2026-04-06,high,70.0,F,60.0,61.0,range,0.095,,,,0.00012743734832443288,-0.09487256265167557,,15837902-75f2-4b76-9e61-76affd686ce1,60-61°F,Highest temperature in Atlanta on April 6?,0.0,-24.969498876762877,214.3421052631579
2026-04-02T12:00:46.445436+00:00,Atlanta,2026-04-06,high,70.0,F,72.0,73.0,range,0.115,,,,0.09678572836168842,-0.018214271638311588,,81344909-e495-4576-b065-833784323918,72-73°F,Highest temperature in Atlanta on April 6?,0.0,-5.8216975213741335,173.15217391304347
2026-04-02T12:00:46.445436+00:00,Atlanta,2026-04-06,high,70.0,F,74.0,75.0,range,0.14,,,,0.032049159751378786,-0.10795084024862123,,5d415efe-be31-452f-b0ee-6f4d543b3baf,74-75°F,Highest temperature in Atlanta on April 6?,0.0,-19.76911928343568,138.2142857142857
2026-04-02T12:00:46.445436+00:00,Atlanta,2026-04-06,high,70.0,F,64.0,65.0,range,0.145,,,,0.014552596023583053,-0.13044740397641694,,e10a54b4-3615-4b01-8143-5045fb2017c8,64-65°F,Highest temperature in Atlanta on April 6?,0.0,-22.705457058005738,132.67241379310346
2026-04-02T12:00:46.445436+00:00,Atlanta,2026-04-06,high,70.0,F,76.0,999.0,above,0.16,,,,0.008197535924596155,-0.15180246407540385,,2ad7c540-f4e3-4974-8ce9-38a907cbd705,76°F or higher,Highest temperature in Atlanta on April 6?,0.0,-23.826727670792174,118.125
2026-04-02T12:00:46.445436+00:00,Atlanta,2026-04-06,high,70.0,F,62.0,63.0,range,0.175,,,,0.0018679923925120634,-0.17313200760748793,,21cccdf6-d697-4fd5-8dea-bb489f45990b,62-63°F,Highest temperature in Atlanta on April 6?,0.0,-24.755159568552884,106.07142857142858
2026-04-02T12:00:46.445436+00:00,Atlanta,2026-04-06,high,70.0,F,70.0,71.0,range,0.18,,,,0.15542174161032418,-0.02457825838967581,,c8d236f8-3508-4544-be8f-3610d9fb20d0,70-71°F,Highest temperature in Atlanta on April 6?,0.0,-5.183727944683664,102.50000000000001
2026-04-02T12:00:46.445436+00:00,Atlanta,2026-04-06,high,70.0,F,68.0,69.0,range,0.205,,,,0.13272285980627918,-0.0722771401937208,,6c1be60f-3362-45db-929b-70836ec4cb32,68-69°F,Highest temperature in Atlanta on April 6?,0.0,-10.101049701014636,87.25609756097562
2026-04-02T12:00:46.445436+00:00,Atlanta,2026-04-06,high,70.0,F,66.0,67.0,range,0.22,,,,0.060270378522150225,-0.15972962147784978,,aa4e5604-89c6-4d83-9873-da8f1c335dcb,66-67°F,Highest temperature in Atlanta on April 6?,0.0,-18.685308068474715,79.77272727272728
